,id,startpos,endpos,text
0,2,0,496,"Wo ist die Hand so zart, daß ohne Irren
Sie sondern mag beschränkten Hirnes Wirren,
So fest, daß ohne Zittern sie den Stein
Mag schleudern auf ein arm verkümmert Sein?
Wer wagt es, eitlen Blutes Drang zu messen,
Zu wägen jedes Wort, das unvergessen
In junge Brust die zähen Wurzeln trieb,
Des Vorurteils geheimen Seelendieb?
Du Glücklicher, geboren und gehegt
Im lichten Raum, von frommer Hand gepflegt,
Leg hin die Waagschal, nimmer dir erlaubt!
Laß ruhn den Stein – er trifft dein eignes Haupt!"
1,6,498,1963,"Friedrich Mergel, geboren 1738, war der einzige Sohn eines sogenannten Halbmeiers oder Grundeigentümers geringerer Klasse im Dorfe B., das, so schlecht gebaut und rauchig es sein mag, doch das Auge jedes Reisenden fesselt durch die überaus malerische Schönheit seiner Lage in der grünen Waldschlucht eines bedeutenden und geschichtlich merkwürdigen Gebirges. Das Ländchen, dem es angehörte, war damals einer jener abgeschlossenen Erdwinkel ohne Fabriken und Handel, ohne Heerstraßen, wo noch ein fremdes Gesicht Aufsehen erregte und eine Reise von dreißig Meilen selbst den Vornehmeren zum Ulysses seiner Gegend machte – kurz, ein Fleck, wie es deren sonst so viele in Deutschland gab, mit all den Mängeln und Tugenden, all der Originalität und Beschränktheit, wie sie nur in solchen Zuständen gedeihen. Unter höchst einfachen und häufig unzulänglichen Gesetzen waren die Begriffe der Einwohner von Recht und Unrecht einigermaßen in Verwirrung geraten, oder vielmehr, es hatte sich neben dem gesetzlichen ein zweites Recht gebildet, ein Recht der öffentlichen Meinung, der Gewohnheit und der durch Vernachlässigung entstandenen Verjährung. Die Gutsbesitzer, denen die niedere Gerichtsbarkeit zustand, straften und belohnten nach ihrer in den meisten Fällen redlichen Einsicht; der Untergebene tat, was ihm ausführbar und mit einem etwas weiten Gewissen verträglich schien, und nur dem Verlierenden fiel es zuweilen ein, in alten staubichten Urkunden nachzuschlagen."
2,121,1964,3152,"Es ist schwer, jene Zeit unparteiisch ins Auge zu fassen; sie ist seit ihrem Verschwinden entweder hochmütig getadelt oder albern gelobt worden, da den, der sie erlebte, zuviel teure Erinnerungen blenden und der Spätergeborene sie nicht begreift. Soviel darf man indessen behaupten, daß die Form schwächer, der Kern fester, Vergehen häufiger, Gewissenlosigkeit seltener waren. Denn wer nach seiner Überzeugung handelt, und sei sie noch so mangelhaft, kann nie ganz zugrunde gehen, wogegen nichts seelentötender wirkt, als gegen das innere Rechtsgefühl das äußere Recht in Anspruch nehmen.
Ein Menschenschlag, unruhiger und unternehmender als alle seine Nachbarn, ließ in dem kleinen Staate, von dem wir reden, manches weit greller hervortreten als anderswo unter gleichen Umständen. Holz- und Jagdfrevel waren an der Tagesordnung, und bei den häufig vorfallenden Schlägereien hatte sich jeder selbst seines zerschlagenen Kopfes zu trösten. Da jedoch große und ergiebige Waldungen den Hauptreichtum des Landes ausmachten, ward allerdings scharf über die Forsten gewacht, aber weniger auf gesetzlichem Wege als in stets erneuten Versuchen, Gewalt und List mit gleichen Waffen zu überbieten."
3,742,3174,3246,"die hochmütigste, schlauste und kühnste Gemeinde des ganzen Fürstentums."
4,426,3247,3364,Seine Lage inmitten tiefer und stolzer Waldeinsamkeit mochte schon früh den angeborenen Starrsinn der Gemüter nähren;
5,269,3365,3582,"die Nähe eines Flusses, der in die See mündete und bedeckte Fahrzeuge trug, groß genug, um Schiffbauholz bequem und sicher außer Land zu führen, trug sehr dazu bei, die natürliche Kühnheit der Holzfrevler zu ermutigen"
6,746,3681,3757,den häufig vorkommenden Scharmützeln der Vorteil meist auf seiten der Bauern
7,323,3765,4075,"Dreißig, vierzig Wagen zogen zugleich aus in den schönen Mondnächten mit ungefähr doppelt soviel Mannschaft jedes Alters, vom halbwüchsigen Knaben bis zum siebzigjährigen Ortsvorsteher, der als erfahrener Leitbock den Zug mit gleich stolzem Bewußtsein anführte, als er seinen Sitz in der Gerichtsstube einnahm."
8,175,4076,4522,"Die Zurückgebliebenen horchten sorglos dem allmählichen Verhallen des Knarrens und Stoßens der Räder in den Hohlwegen und schliefen sacht weiter. Ein gelegentlicher Schuß, ein schwacher Schrei ließen wohl einmal eine junge Frau oder Braut auffahren; kein anderer achtete darauf. Beim ersten Morgengrau kehrte der Zug ebenso schweigend heim, die Gesichter glühend wie Erz, hier und dort einer mit verbundenem Kopf, was weiter nicht in Betracht kam"
9,750,4630,4756,"aus dem Walde getragen wurden, zerschlagen, mit Schnupftabak geblendet und für einige Zeit unfähig, ihrem Berufe nachzukommen."
10,14,4757,4807,In diesen Umgebungen ward Friedrich Mergel geboren
11,1017,4835,4901,die stolze Zugabe eines Rauchfangs und minder kleiner Glasscheiben
12,305,4902,5035,die Ansprüche seines Erbauers sowie durch seine gegenwärtige Verkommenheit die kümmerlichen Umstände des jetzigen Besitzers bezeugte.
13,652,5036,5333,"Das frühere Geländer um Hof und Garten war einem vernachlässigten Zaune gewichen, das Dach schadhaft, fremdes Vieh weidete auf den Triften, fremdes Korn wuchs auf dem Acker zunächst am Hofe, und der Garten enthielt, außer ein paar holzichten Rosenstöcken aus besserer Zeit, mehr Unkraut als Kraut."
14,16,5334,5453,Freilich hatten Unglücksfälle manches hiervon herbeigeführt; doch war auch viel Unordnung und böse Wirtschaft im Spiel.
15,18,5501,5689,"in seinem Junggesellenstande ein sogenannter ordentlicher Säufer, das heißt einer, der nur an Sonn- und Festtagen in der Rinne lag und die Woche hindurch so manierlich war wie ein anderer."
16,1612,5791,5824,Auf der Hochzeit gings lustig zu.
17,20,5918,6026,aber am nächsten Sonntage sah man die junge Frau schreiend und blutrünstig durchs Dorf zu den ihrigen rennen
18,758,6118,6180,"Skandal und Ärger für Mergel, der allerdings Trostes bedurfte."
19,1081,6219,6445,"Scheibe an seinem Hause mehr ganz, und man sah ihn noch bis spät in die Nacht vor der Türschwelle liegen, einen abgebrochenen Flaschenhals von Zeit zu Zeit zum Munde führend und sich Gesicht und Hände jämmerlich zerschneidend."
20,326,6446,6519,"Die junge Frau blieb bei ihren Eltern, wo sie bald verkümmerte und starb."
21,536,6520,6686,"Ob nun den Mergel Reue quälte oder Scham, genug, er schien der Trostmittel immer bedürftiger und fing bald an, den gänzlich verkommenen Subjekten zugezählt zu werden."
22,1348,6718,6753,Mägde brachten Schimpf und Schaden;
23,328,6801,6854,ein verlegener und zuletzt ziemlich armseliger Witwer
24,177,7047,7214,"war eine brave, anständige Person, so in den Vierzigen, in ihrer Jugend eine Dorfschönheit und noch jetzt als sehr klug und wirtlich geachtet, dabei nicht unvermögend;"
25,22,7215,7378,"und so mußte es jedem unbegreiflich sein, was sie zu diesem Schritte getrieben. Wir glauben den Grund eben in dieser ihrer selbstbewußten Vollkommenheit zu finden."
26,24,7379,7558,"Am Abend vor der Hochzeit soll sie gesagt haben: »Eine Frau, die von ihrem Manne übel behandelt wird, ist dumm oder taugt nicht: wenns mir schlecht geht, so sagt, es liege an mir."
27,1087,7586,7617,daß sie ihre Kräfte überschätzt
28,1351,7742,7800,"aber das Joch war zu drückend, um lange getragen zu werden"
29,1353,7802,7955,"und bald sah man ihn oft genug quer über die Gasse ins Haus taumeln, hörte drinnen sein wüstes Lärmen und sah Margreth eilends Tür und Fenster schließen."
30,26,7956,8454,"An einem solchen Tage – keinem Sonntage mehr – sah man sie abends aus dem Hause stürzen, ohne Haube und Halstuch, das Haar wild um den Kopf hängend, sich im Garten neben ein Krautbeet niederwerfen und die Erde mit den Händen aufwühlen, dann ängstlich um sich schauen, rasch ein Bündel Kräuter brechen und damit langsam wieder dem Hause zugehen, aber nicht hinein, sondern in die Scheune. Es hieß, an diesem Tage habe Mergel zuerst Hand an sie gelegt, obwohl das Bekenntnis nie über ihre Lippen kam."
31,28,8455,8619,"Das zweite Jahr dieser unglücklichen Ehe ward mit einem Sohne – man kann nicht sagen – erfreut; denn Margreth soll sehr geweint haben, als man ihr das Kind reichte."
32,1616,8636,8673,unter einem Herzen voll Gram getragen
33,764,8689,8720,"ein gesundes hübsches Kind, das"
34,766,8721,8757,in der frischen Luft kräftig gedieh.
35,179,8793,8868,"nie nach Hause, ohne ihm ein Stückchen Wecken oder dergleichen mitzubringen"
36,1093,8874,8994,"man meinte sogar, er sei seit der Geburt des Knaben ordentlicher geworden; wenigstens ward das Lärmen im Hause geringer."
37,494,9043,9079,um das Fest der heiligen drei Könige
38,181,9338,9430,"um so weniger darauf, da sich nach Sonnenuntergang dichtes Schneegestöber eingestellt hatte."
39,496,9598,9649,Geheul des Windes und das Klappen der Bodenfenster.
40,1095,9651,9873,"Mutter, kommt der Vater heute nicht?« fragte er. – »Nein, Kind, morgen.« – »Aber warum nicht, Mutter? Er hats doch versprochen.« – »Ach Gott, wenn der alles hielte, was er verspricht! Mach, mach voran, daß du fertig wirst!"
41,30,9875,11107,"Sie hatten sich kaum niedergelegt, so erhob sich eine Windsbraut, als ob sie das Haus mitnehmen wollte. Die Bettstatt bebte, und im Schornstein rasselte es wie ein Kobold. – »Mutter – es pocht draußen!« – »Still, Fritzchen, das ist das lockere Brett im Giebel, das der Wind jagt.« – »Nein, Mutter, an der Tür!« – »Sie schließt nicht; die Klinke ist zerbrochen. Gott, schlaf doch! Bring mich nicht um das armselige bißchen Nachtruhe.« – »Aber wenn nun der Vater kommt?« – Die Mutter drehte sich heftig im Bett um. – »Den hält der Teufel fest genug!« – »Wo ist der Teufel, Mutter?« – »Wart, du Unrast! Er steht vor der Tür und will dich holen, wenn du nicht ruhig bist!«
Friedrich ward still; er horchte noch ein Weilchen und schlief dann ein. Nach einigen Stunden erwachte er. Der Wind hatte sich gewendet und zischte jetzt wie eine Schlange durch die Fensterritze an seinem Ohr. Seine Schulter war erstarrt; er kroch tief unters Deckbett und lag aus Furcht ganz still. Nach einer Weile bemerkte er, daß die Mutter auch nicht schlief. Er hörte sie weinen und mitunter: »Gegrüßt seist du, Maria!« und »bitte für uns arme Sünder!« Die Kügelchen des Rosenkranzes glitten an seinem Gesicht hin. – Ein unwillkürlicher Seufzer entfuhr ihm."
42,1467,11156,11257,"Kind, bete ein wenig – du kannst ja schon das halbe Vaterunser – daß Gott uns bewahre vor Wasser- und"
43,32,11270,11466,"Friedrich dachte an den Teufel, wie der wohl aussehen möge. Das mannigfache Geräusch und Getöse im Hause kam ihm wunderlich vor. Er meinte, es müsse etwas Lebendiges drinnen sein und draußen auch."
44,659,11468,11637,"Hör, Mutter, gewiß, da sind Leute, die pochen.« – »Ach nein, Kind; aber es ist kein altes Brett im Hause, das nicht klappert.« – »Hör! hörst du nicht? Es ruft! Hör doch!"
45,1358,11639,11783,Die Mutter richtete sich auf; das Toben des Sturms ließ einen Augenblick nach. Man hörte deutlich an den Fensterläden pochen und mehrere Stimmen
46,61,11832,11911,Margreth stieß einen heftigen Laut aus: »Da bringen sie mir das Schwein wieder!
47,662,11913,12229,"Der Rosenkranz flog klappernd auf den Brettstuhl, die Kleider wurden herbeigerissen. Sie fuhr zum Herde, und bald darauf hörte Friedrich sie mit trotzigen Schritten über die Tenne gehen. Margreth kam gar nicht wieder; aber in der Küche war viel Gemurmel und fremde Stimmen. Zweimal kam ein fremder Mann in die Kammer"
48,188,12314,12708,"zwei Männer führten die Mutter. Sie war weiß wie Kreide und hatte die Augen geschlossen. Friedrich meinte, sie sei tot; er erhob ein fürchterliches Geschrei, worauf ihm jemand eine Ohrfeige gab, was ihn zur Ruhe brachte, und nun begriff er nach und nach aus den Reden der Umstehenden, daß der Vater von Ohm Franz Semmler und dem Hülsmeyer tot im Holze gefunden sei und jetzt in der Küche liege."
49,190,12709,12779,"Sobald Margreth wieder zur Besinnung kam, suchte sie die fremden Leute"
50,192,12793,13343,"Der Bruder blieb bei ihr, und Friedrich, dem bei strenger Strafe im Bett zu bleiben geboten war, hörte die ganze Nacht hindurch das Feuer in der Küche knistern und ein Geräusch wie von Hin- und Herrutschen und Bürsten. Gesprochen ward wenig und leise, aber zuweilen drangen Seufzer herüber, die dem Knaben, so jung er war, durch Mark und Bein gingen. Einmal verstand er, daß der Oheim sagte: »Margreth, zieh dir das nicht zu Gemüt; wir wollen jeder drei Messen lesen lassen, und um Ostern gehen wir zusammen eine Bittfahrt zur Mutter Gottes von Werl."
51,333,13345,13458,"Als nach zwei Tagen die Leiche fortgetragen wurde, saß Margreth am Herde, das Gesicht mit der Schürze verhüllend."
52,34,13538,14724,"Zehn Jahre, zehn Kreuze! Wir haben sie doch zusammen getragen, und jetzt bin ich allein! »Dann lauter: »Fritzchen, komm her!« – Friedrich kam scheu heran; die Mutter war ihm ganz unheimlich geworden mit den schwarzen Bändern und den verstörten Zügen. »Fritzchen«, sagte sie, »willst du jetzt auch fromm sein, daß ich Freude an dir habe, oder willst du unartig sein und lügen, oder saufen und stehlen?« – »Mutter, Hülsmeyer stiehlt.« – »Hülsmeyer? Gott bewahre! Soll ich dir auf den Rücken kommen? Wer sagt dir so schlechtes Zeug?« – »Er hat neulich den Aaron geprügelt und ihm sechs Groschen genommen.« – »Hat er dem Aaron Geld genommen, so hat ihn der verfluchte Jude gewiß zuvor darum betrogen. Hülsmeyer ist ein ordentlicher angesessener Mann, und die Juden sind alle Schelme.« – »Aber, Mutter, Brandis sagt auch, daß er Holz und Rehe stiehlt.« – »Kind, Brandis ist ein Förster.« – »Mutter, lügen die Förster?«
Margreth schwieg eine Weile, dann sagte sie: »Höre, Fritz, das Holz läßt unser Herrgott frei wachsen, und das Wild wechselt aus eines Herren Lande in das andere; die können niemand angehören. Doch das verstehst du noch nicht; jetzt geh in den Schuppen und hole mir Reisig."
53,345,14726,14843,"Friedrich hatte seinen Vater auf dem Stroh gesehen, wo er, wie man sagt, blau und fürchterlich ausgesehen haben soll."
54,779,14922,14995,die Erinnerung an seinen Vater eine mit Grausen gemischte Zärtlichkeit in
55,38,15016,15124,"wie denn nichts so fesselt wie die Liebe und Sorgfalt eines Wesens, das gegen alles übrige verhärtet scheint"
56,40,15130,15414,"bei Friedrich wuchs dieses Gefühl mit den Jahren durch das Gefühl mancher Zurücksetzung von seiten anderer. Es war ihm äußerst empfindlich, wenn, solange er Kind war, jemand des Verstorbenen nicht allzu löblich gedachte; ein Kummer, den ihm das Zartgefühl der Nachbarn nicht ersparte."
57,42,15415,16030,"Es ist gewöhnlich in jenen Gegenden, den Verunglückten die Ruhe im Grabe abzusprechen. Der alte Mergel war das Gespenst des Brederholzes geworden; einen Betrunkenen führte er als Irrlicht bei einem Haar in den Zellerkolk; die Hirtenknaben, wenn sie nachts bei ihren Feuern kauerten und die Eulen in den Gründen schrieen, hörten zuweilen in abgebrochenen Tönen ganz deutlich dazwischen sein »Hör mal an, feins Liseken«, und ein unprivilegierter Holzhauer, der unter der breiten Eiche eingeschlafen und dem es darüber Nacht geworden war, hatte beim Erwachen sein geschwollenes Gesicht durch die Zweige lauschen sehen."
58,46,16031,16393,"Friedrich mußte von andern Knaben vieles darüber hören; dann heulte er, schlug um sich, stach auch einmal mit seinem Messerchen und wurde bei dieser Gelegenheit jämmerlich geprügelt. Seitdem trieb er seiner Mutter Kühe allein an das andere Ende des Tales, wo man ihn oft stundenlang in derselben Stellung im Grase liegen und den Thymian aus dem Boden rupfen sah."
59,195,16586,17120,"Simon Semmler war ein kleiner, unruhiger, magerer Mann mit vor dem Kopf liegenden Fischaugen und überhaupt einem Gesicht wie ein Hecht, ein unheimlicher Geselle, bei dem dicktuende Verschlossenheit oft mit ebenso gesuchter Treuherzigkeit wechselte, der gern einen aufgeklärten Kopf vorgestellt hätte und statt dessen für einen fatalen, Händel suchenden Kerl galt, dem jeder um so lieber aus dem Wege ging, je mehr er in das Alter trat, wo ohnehin beschränkte Menschen leicht an Ansprüchen gewinnen, was sie an Brauchbarkeit verlieren."
60,1104,17164,17209,sonst keinen der Ihrigen mehr am Leben hatte.
61,347,17211,17356,"Simon, bist du da?« sagte sie und zitterte, daß sie sich am Stuhle halten mußte. »Willst du sehen, wie es mir geht und meinem schmutzigen Jungen?"
62,668,17541,18432,"Ja, Mädchen, zu spät gefreit hat immer gereut! Jetzt bist du alt, und das Kind ist klein. Jedes Ding hat seine Zeit. Aber wenn ein altes Haus brennt, dann hilft kein Löschen.« – Über Margreths vergrämtes Gesicht flog eine Flamme, so rot wie Blut.
»Aber ich höre, dein Junge ist schlau und gewichst«, fuhr Simon fort. – »Ei nun, so ziemlich, und dabei fromm.« – »Hum, 's hat mal einer eine Kuh gestohlen, der hieß auch Fromm. Aber er ist still und nachdenklich, nicht wahr? Er läuft nicht mit den anderen Buben?« – »Er ist ein eigenes Kind«, sagte Margreth wie für sich, »es ist nicht gut.« – Simon lachte hell auf: »Dein Junge ist scheu, weil ihn die anderen ein paarmal gut durchgedroschen haben. Das wird ihnen der Bursche schon wieder bezahlen. Hülsmeyer war neulich bei mir, der sagte: ›Es ist ein Junge wie 'n Reh.‹«
Welcher Mutter geht das Herz nicht auf, wenn sie ihr Kind loben hört?"
63,793,18473,18529,jedermann nannte ihren Jungen tückisch und verschlossen.
64,1166,18646,18679,"Er hat viel von dir, Simon, viel."
65,1115,18681,19081,"Simon lachte: »Ei, das muß ein rarer Kerl sein, ich werde alle Tage schöner. An der Schule soll er sich wohl nicht verbrennen. Du läßt ihn die Kühe hüten? Ebenso gut. Es ist doch nicht halb wahr, was der Magister sagt. Aber wo hütet er? Im Telgengrund? im Roderholze? im Teutoburger Wald? auch des Nachts und früh?« – »Die ganzen Nächte durch; aber wie meinst du das?«
Simon schien dies zu überhören;"
66,1785,19283,19398,"In der Mutter Züge kam ein heimliches, stolzes Lächeln; ihres Friedrichs blonde Locken und Simons rötliche Bürsten!"
67,670,19599,19637,denn sie kannte seine störrische Natur
68,1117,19643,19706,Simons Weise war ihr heute einschüchternder vorgekommen als je.
69,474,19920,19969,eine Art Adoption des Knaben in Vorschlag brachte
70,351,20114,20219,"dann am Ende des alten Junggesellen Erbe zufallen solle, das ihm freilich ohnedies nicht entgehen konnte."
71,353,20451,20509,"bereits gewöhnt hat, die Stelle einer Tochter zu ersetzen."
72,1368,20510,20549,Doch sie schwieg und gab sich in alles.
73,1119,20562,20623,"den Bruder, streng, doch nicht hart gegen den Knaben zu sein."
74,1121,20682,20744,"mein Kind ist nicht wie einer, über den Vaterhand regiert hat."
75,672,20836,20853,und weißt du was?
76,65,21043,21980,"Und bald sah Margreth den beiden nach, wie sie fortschritten, Simon voran, mit seinem Gesicht die Luft durchschneidend, während ihm die Schöße des roten Rocks wie Feuerflammen nachzogen. So hatte er ziemlich das Ansehen eines feurigen Mannes, der unter dem gestohlenen Sacke büßt; Friedrich ihm nach, fein und schlank für sein Alter, mit zarten, fast edlen Zügen und langen, blonden Locken, die besser gepflegt waren, als sein übriges Äußere erwarten ließ; übrigens zerlumpt, sonneverbrannt und mit dem Ausdruck der Vernachlässigung und einer gewissen rohen Melancholie in den Zügen. Dennoch war eine große Familienähnlichkeit beider nicht zu verkennen, und wie Friedrich so langsam seinem Führer nachtrat, die Blicke fest auf denselben geheftet, der ihn gerade durch das Seltsame seiner Erscheinung anzog, erinnerte er unwillkürlich an jemand, der in einem Zauberspiegel das Bild seiner Zukunft mit verstörter Aufmerksamkeit betrachtet."
77,355,22010,22138,"der Stelle des Teutoburger Waldes, wo das Brederholz den Abhang des Gebirges niedersteigt und einen sehr dunkeln Grund ausfüllt."
78,676,22353,22387,"frage, trinkst du gern Branntwein?"
79,678,22505,22535,Kennst du das Holz da vor uns?
80,591,22568,22604,"Weißt du auch, was darin vorgefallen"
81,680,22686,22802,"Betet die Mutter noch so viel?« hob Simon wieder an. – »Ja, jeden Abend zwei Rosenkränze.« – »So? Und du betest mit?"
82,1650,22806,22874,Der Knabe lachte halb verlegen mit einem durchtriebenen Seitenblick.
83,1193,22878,23054,"Die Mutter betet in der Dämmerung vor dem Essen den einen Rosenkranz, dann bin ich meist noch nicht wieder da mit den Kühen, und den andern im Bette, dann schlaf ich gewöhnlich"
84,272,23084,24059,"Diese letzten Worte wurden unter dem Schirme einer weiten Buche gesprochen, die den Eingang der Schlucht überwölbte. Es war jetzt ganz finster; das erste Mondviertel stand am Himmel, aber seine schwachen Schimmer dienten nur dazu, den Gegenständen, die sie zuweilen durch eine Lücke der Zweige berührten, ein fremdartiges Ansehen zu geben. Friedrich hielt sich dicht hinter seinem Ohm; sein Odem ging schnell, und wer seine Züge hätte unterscheiden können, würde den Ausdruck einer ungeheuren, doch mehr phantastischen als furchtsamen Spannung darin wahrgenommen haben. So schritten beide rüstig voran, Simon mit dem festen Schritt des abgehärteten Wanderers, Friedrich schwankend und wie im Traum. Es kam ihm vor, als ob alles sich bewegte und die Bäume in den einzelnen Mondstrahlen bald zusammen, bald voneinander schwankten. Baumwurzeln und schlüpfrige Stellen, wo sich das Regenwasser gesammelt, machten seinen Schritt unsicher; er war einige Male nahe daran, zu fallen."
85,197,24178,24730,"Der Mond schien klar hinein und zeigte, daß hier noch vor kurzem die Axt unbarmherzig gewütet hatte. Überall ragten Baumstümpfe hervor, manche mehrere Fuß über der Erde, wie sie gerade in der Eile am bequemsten zu durchschneiden gewesen waren; die verpönte Arbeit mußte unversehens unterbrochen worden sein, denn eine Buche lag quer über dem Pfad, in vollem Laube, ihre Zweige hoch über sich streckend und im Nachtwinde mit den noch frischen Blättern zitternd. Simon blieb einen Augenblick stehen und betrachtete den gefällten Stamm mit Aufmerksamkeit."
86,430,24731,24959,"In der Mitte der Lichtung stand eine alte Eiche, mehr breit als hoch; ein blasser Strahl, der durch die Zweige auf ihren Stamm fiel, zeigte, daß er hohl sei, was ihn wahrscheinlich vor der allgemeinen Zerstörung geschützt hatte."
87,504,24960,25628,"Hier ergriff Simon plötzlich des Knaben Arm.
»Friedrich, kennst du den Baum? Das ist die breite Eiche.« – Friedrich fuhr zusammen und klammerte sich mit kalten Händen an seinen Ohm. »Sieh«, fuhr Simon fort, »hier haben Ohm Franz und der Hülsmeyer deinen Vater gefunden, als er in der Betrunkenheit ohne Buße und Ölung zum Teufel gefahren war.« – »Ohm, Ohm!« keuchte Friedrich. – »Was fällt dir ein? Du wirst dich doch nicht fürchten? Satan von einem Jungen, du kneipst mir den Arm! Laß los, los!« – Er suchte den Knaben abzuschütteln. – »Dein Vater war übrigens eine gute Seele; Gott wirds nicht so genau mit ihm nehmen. Ich hatt ihn so lieb wie meinen eigenen Bruder."
88,697,25632,25730,Friedrich ließ den Arm seines Ohms los; beide legten schweigend den übrigen Teil des Waldes zurück
89,128,25877,27814,"Am nächsten Abend saß Margreth schon seit einer Stunde mit ihrem Rocken vor der Tür und wartete auf ihren Knaben. Es war die erste Nacht, die sie zugebracht hatte, ohne den Atem ihres Kindes neben sich zu hören, und Friedrich kam noch immer nicht. Sie war ärgerlich und ängstlich und wußte, daß sie beides ohne Grund war. Die Uhr im Turm schlug sieben, das Vieh kehrte heim; er war noch immer nicht da, und sie mußte aufstehen, um nach den Kühen zu schauen. Als sie wieder in die dunkle Küche trat, stand Friedrich am Herde; er hatte sich vornüber gebeugt und wärmte die Hände an den Kohlen. Der Schein spielte auf seinen Zügen und gab ihnen ein widriges Ansehen von Magerkeit und ängstlichem Zucken. Margreth blieb in der Tennentür stehen, so seltsam verändert kam ihr das Kind vor.
»Friedrich, wie gehts dem Ohm?« Der Knabe murmelte einige unverständliche Worte und drängte sich dicht an die Feuermauer. – »Friedrich, hast du das Reden verlernt? Junge, tu das Maul auf! Du weißt ja doch, daß ich auf dem rechten Ohr nicht gut höre.« – Das Kind erhob seine Stimme und geriet dermaßen ins Stammeln, daß Margreth es um nichts mehr begriff. – »Was sagst du? Einen Gruß von Meister Semmler? Wieder fort? Wohin? Die Kühe sind schon zu Hause. Verfluchter Junge, ich kann dich nicht verstehen. Wart, ich muß einmal sehen, ob du keine Zunge im Munde hast!« – Sie trat heftig einige Schritte vor. Das Kind sah zu ihr auf mit dem Jammerblick eines armen, halbwüchsigen Hundes, der Schildwacht stehen lernt, und begann in der Angst mit den Füßen zu stampfen und den Rücken an der Feuermauer zu reiben.
Margreth stand still; ihre Blicke wurden ängstlich. Der Knabe erschien ihr wie zusammengeschrumpft, auch seine Kleider waren nicht dieselben, nein, das war ihr Kind nicht! und dennoch –. »Friedrich, Friedrich!« rief sie.
In der Schlafkammer klappte eine Schranktür, und der Gerufene trat hervor, in der einen Hand eine sogenannte Holschenvioline"
90,808,27904,28200,"in der anderen einen Bogen, ganz des Instrumentes würdig. So ging er gerade auf sein verkümmertes Spiegelbild zu, seinerseits mit einer Haltung bewußter Würde und Selbständigkeit, die in diesem Augenblicke den Unterschied zwischen beiden sonst merkwürdig ähnlichen Knaben stark hervortreten ließ."
91,810,28238,28277,ihm mit einer Gönnermiene das Kunstwerk
92,705,28280,28384,"da ist die Violine, die ich dir versprochen habe. Mein Spielen ist vorbei, ich muß jetzt Geld verdienen."
93,506,28744,28788,mit unruhigem Auge von einem auf den andern.
94,50,28789,29243,"Der fremde Knabe hatte sich wieder über die Kohlen gebeugt mit einem Ausdruck augenblicklichen Wohlbehagens, der an Albernheit grenzte, während in Friedrichs Zügen der Wechsel eines offenbar mehr selbstischen als gutmütigen Mitgefühls spielte und sein Auge in fast glasartiger Klarheit zum erstenmale bestimmt den Ausdruck jenes ungebändigten Ehrgeizes und Hanges zum Großtun zeigte, der nachher als so starkes Motiv seiner meisten Handlungen hervortrat."
95,482,29926,30117,"sagte Margreth. – »Was willst du, Mutter?« – »Wie heißt er weiter? – »Ja – weiter nicht – oder warte – doch: Niemand, Johannes Niemand heißt er. – Er hat keinen Vater«, fügte er leiser hinzu."
96,1458,30389,30403,nichts zu tun?
97,1654,30539,30578,bei einem Haar ins Feuer gefallen wäre.
98,606,31052,31119,"du heißt Niemand, und niemand sorgt für dich! Das sei Gott geklagt!"
99,359,31144,31216,"Friedrich, geh nicht mit ihm, hörst du, geht nicht zusammen durchs Dorf."
100,307,31295,31559,"beide Knaben fort waren, warf sich Margreth auf einen Stuhl und schlug die Hände mit dem Ausdruck des tiefsten Jammers zusammen. Ihr Gesicht war bleich wie ein Tuch. »Ein falscher Eid, ein falscher Eid!« stöhnte sie. »Simon, Simon, wie willst du vor Gott bestehen!"
101,709,31649,31834,"Friedrich stand vor ihr und hatte sie schon zweimal angeredet. »Was ists? Was willst du?« rief sie auffahrend. – »Ich bringe Euch Geld«, sagte er, mehr erstaunt als erschreckt. – »Geld?"
102,814,32137,32204,"wir sind selber arm; wer weiß, ob wir bei dem Betteln vorbeikommen!"
103,1132,32523,32584,Aber halt Gott vor Augen und vergiß das tägliche Gebet nicht!
104,130,32586,33372,"Margreth legte das Gesicht an die Mauer und weinte laut. Sie hatte manche harte Last getragen, ihres Mannes üble Behandlung, noch schwerer seinen Tod, und es war eine bittere Stunde, als die Witwe das letzte Stück Ackerland einem Gläubiger zur Nutznießung überlassen mußte und der Pflug vor ihrem Hause stillestand. Aber so war ihr nie zumute gewesen; dennoch, nachdem sie einen Abend durchweint, eine Nacht durchwacht hatte, war sie dahin gekommen, zu denken, ihr Bruder Simon könne so gottlos nicht sein, der Knabe gehöre gewiß nicht ihm, Ähnlichkeiten wollen nichts beweisen. Hatte sie doch selbst vor vierzig Jahren ein Schwesterchen verloren, das genau dem fremden Hechelkrämer glich. Was glaubt man nicht gern, wenn man so wenig hat und durch Unglauben dies wenige verlieren soll!"
105,817,33441,33522,"alle wärmeren Gefühle, deren er fähig war, dem Schwestersohn zugewendet zu haben;"
106,73,33663,33868,"Der Knabe war seitdem wie verwandelt, das träumerische Wesen gänzlich von ihm gewichen, er trat fest auf, fing an, sein Äußeres zu beachten und bald in den Ruf eines hübschen, gewandten Burschen zu kommen."
107,1660,34070,34097,als seine rechte Hand galt;
108,821,34293,34467,"stolz auf ihn zu werden und sogar eine Art Hochachtung vor ihm zu fühlen, da sie den jungen Menschen so ganz ohne ihr Zutun sich entwickeln sah, sogar ohne ihren Rat, den sie"
109,202,34642,34884,"In seinem achtzehnten Jahre hatte Friedrich sich bereits einen bedeutenden Ruf in der jungen Dorfwelt gesichert durch den Ausgang einer Wette, infolge deren er einen erlegten Eber über zwei Meilen weit auf seinem Rücken trug, ohne abzusetzen."
110,309,34885,35159,"Indessen war der Mitgenuß des Ruhms auch so ziemlich der einzige Vorteil, den Margreth aus diesen günstigen Umständen zog, da Friedrich immer mehr auf sein Äußeres verwandte und allmählich anfing, es schwer zu verdauen, wenn Geldmangel ihn zwang, irgend jemand im Dorf darin"
111,828,35186,35244,alle seine Kräfte auf den auswärtigen Erwerb gerichtet; zu
112,830,35363,35482,"sich lieber einer harten, aber kurzen Anstrengung, die ihm bald erlaubte, seinem früheren Hirtenamte wieder nachzugehen"
113,832,35542,35664,"ihm gelegentlichen Spott zuzog, vor dem er sich aber durch ein paar derbe Zurechtweisungen mit der Faust Ruhe verschaffte."
114,204,35665,35980,"So gewöhnte man sich daran, ihn bald geputzt und fröhlich als anerkannten Dorfelegant an der Spitze des jungen Volks zu sehen, bald wieder als zerlumpten Hirtenbuben einsam und träumerisch hinter den Kühen herschleichend oder in einer Waldlichtung liegend, scheinbar gedankenlos und das Moos von den Bäumen rupfend."
115,1584,36642,36845,"Sie verheerten alles wie die Wanderraupe, ganze Waldstrecken wurden in einer Nacht gefällt und auf der Stelle fortgeschafft, so daß man am andern Morgen nichts fand als Späne und wüste Haufen von Topholz"
116,835,37534,37578,"man das verdächtigste von allen, das Dorf B."
117,206,37600,37814,"Ein Zufall hatte dies bewirkt, eine Hochzeit, auf der fast alle Bewohner dieses Dorfes notorisch die Nacht zugebracht hatten, während zu eben dieser Zeit die Blaukittel eine ihrer stärksten Expeditionen ausführten."
118,547,37815,38383,"Der Schaden in den Forsten war indes allzugroß, deshalb wurden die Maßregeln dagegen auf eine bisher unerhörte Weise gesteigert; Tag und Nacht wurde patrouilliert, Ackerknechte, Hausbediente mit Gewehren versehen und den Forstbeamten zugesellt. Dennoch war der Erfolg nur gering, und die Wächter hatten oft kaum das eine Ende des Forstes verlassen, wenn die Blaukittel schon zum andern einzogen. Das währte länger als ein volles Jahr, Wächter und Blaukittel, Blaukittel und Wächter, wie Sonne und Mond immer abwechselnd im Besitz des Terrains und nie zusammentreffend."
119,311,38384,39136,"Es war im Juli 1756 früh um drei; der Mond stand klar am Himmel, aber sein Glanz fing an zu ermatten, und im Osten zeigte sich bereits ein schmaler gelber Streif, der den Horizont besäumte und den Eingang einer engen Talschlucht wie mit einem Goldbande schloß. Friedrich lag im Grase, nach seiner gewohnten Weise, und schnitzelte an einem Weidenstabe, dessen knotigem Ende er die Gestalt eines ungeschlachten Tieres zu geben versuchte. Er sah übermüdet aus, gähnte, ließ mitunter seinen Kopf an einem verwitterten Stammknorren ruhen und Blicke, dämmeriger als der Horizont, über den mit Gestrüpp und Aufschlag fast verwachsenen Eingang des Grundes streifen. Ein paarmal belebten sich seine Augen und nahmen den ihnen eigentümlichen glasartigen Glanz an"
120,313,39884,41106,"Es fing bereits stark zu dämmern an; die Vögel begannen leise zu zwitschern, und der Tau stieg fühlbar aus dem Grunde. Friedrich war an dem Stamm hinabgeglitten und starrte, die Arme über den Kopf verschlungen, in das leise einschleichende Morgenrot. Plötzlich fuhr er auf: über sein Gesicht fuhr ein Blitz, er horchte einige Sekunden mit vorgebeugtem Oberleib wie ein Jagdhund, dem die Luft Witterung zuträgt. Dann schob er schnell zwei Finger in den Mund und pfiff gellend und anhaltend. – »Fidel, du verfluchtes Tier!« – Ein Steinwurf traf die Seite des unbesorgten Hundes, der, vom Schlafe aufgeschreckt, zuerst um sich biß und dann heulend auf drei Beinen dort Trost suchte, von wo das Übel ausgegangen war. In demselben Augenblicke wurden die Zweige eines nahen Gebüsches fast ohne Geräusch zurückgeschoben, und ein Mann trat heraus, im grünen Jagdrock, den silbernen Wappenschild am Arm, die gespannte Büchse in der Hand. Er ließ schnell seine Blicke über die Schlucht fahren und sie dann mit besonderer Schärfe auf dem Knaben verweilen, trat dann vor, winkte nach dem Gebüsch, und allmählich wurden sieben bis acht Männer sichtbar, alle in ähnlicher Kleidung, Weidmesser im Gürtel und die gespannten Gewehre in der"
121,1662,41114,41998,"Friedrich, was war das?« fragte der zuerst Erschienene. – »Ich wollte, daß der Racker auf der Stelle krepierte. Seinetwegen können die Kühe mir die Ohren vom Kopf fressen.« – »Die Canaille hat uns gesehen«, sagte ein anderer. »Morgen sollst du auf die Reise mit einem Stein am Halse«, fuhr Friedrich fort und stieß nach dem Hunde. – »Friedrich, stell dich nicht an wie ein Narr! Du kennst mich, und du verstehst mich auch!« – Ein Blick begleitete diese Worte, der schnell wirkte. – »Herr Brandis, denkt an meine Mutter!« – »Das tu ich. Hast du nichts im Walde gehört?« – »Im Walde?« – Der Knabe warf einen raschen Blick auf des Försters Gesicht. – »Eure Holzfäller, sonst nichts.« – »Meine Holzfäller!«
Die ohnehin dunkle Gesichtsfarbe des Försters ging in tiefes Braunrot über. »Wie viele sind ihrer, und wo treiben sie ihr Wesen?« – »Wohin Ihr sie geschickt habt; ich weiß es nicht."
122,715,42172,42575,"Friedrich«, sagte er mit dem Ton unterdrückter Wut, »meine Geduld ist zu Ende; ich möchte dich prügeln wie einen Hund, und mehr seid ihr auch nicht wert. Ihr Lumpenpack, dem kein Ziegel auf dem Dach gehört! Bis zum Betteln habt ihr es, gottlob, bald gebracht, und an meiner Tür soll deine Mutter, die alte Hexe, keine verschimmelte Brotrinde bekommen. Aber vorher sollt ihr mir noch beide ins Hundeloch."
123,486,42577,43594,"Friedrich griff krampfhaft nach einem Aste. Er war totenbleich, und seine Augen schienen wie Kristallkugeln aus dem Kopfe schießen zu wollen. Doch nur einen Augenblick. Dann kehrte die größte, an Erschlaffung grenzende Ruhe zurück. »Herr«, sagte er fest, mit fast sanfter Stimme, »Ihr habt gesagt, was Ihr nicht verantworten könnt, und ich vielleicht auch. Wir wollen es gegeneinander aufgehen lassen, und nun will ich Euch sagen, was Ihr verlangt. Wenn ihr die Holzfäller nicht selbst bestellt habt, so müssen es die Blaukittel sein; denn aus dem Dorfe ist kein Wagen gekommen; ich habe den Weg ja vor mir, und vier Wagen sind es. Ich habe sie nicht gesehen, aber den Hohlweg hinauffahren hören.« Er stockte einen Augenblick. – »Könnt ihr sagen, daß ich je einen Baum in Eurem Revier gefällt habe? Überhaupt, daß ich je anderwärts gehauen habe als auf Bestellung? Denkt nach, ob Ihr das sagen könnt.«
Ein verlegenes Murmeln war die ganze Antwort des Försters, der nach Art der meisten rauhen Menschen leicht bereute."
124,1436,43651,45174,"Nein, Herr«, rief Friedrich, »wenn Ihr zu den anderen Förstern wollt, die sind dort an der Buche hinaufgegangen.« – »An der Buche?« sagte Brandis zweifelhaft, »nein, dort hinüber, nach dem Mastergrunde.« – »Ich sage Euch, an der Buche; des langen Heinrich Flintenriemen blieb noch am krummen Ast dort hängen; ich habs ja gesehen!«
Der Förster schlug den bezeichneten Weg ein. Friedrich hatte die ganze Zeit hindurch seine Stellung nicht verlassen; halb liegend, den Arm um einen dürren Ast geschlungen, sah er dem Fortgehenden unverrückt nach, wie er durch den halbverwachsenen Steig glitt, mit den vorsichtigen, weiten Schritten seines Metiers, so geräuschlos, wie ein Fuchs die Hühnersteige erklimmt. Hier sank ein Zweig hinter ihm, dort einer; die Umrisse seiner Gestalt schwanden immer mehr. Da blitzte es noch einmal durchs Laub. Es war ein Stahlknopf seines Jagdrocks; nun war er fort. Friedrichs Gesicht hatte während dieses allmählichen Verschwindens den Ausdruck seiner Kälte verloren, und seine Züge schienen zuletzt unruhig bewegt. Gereute es ihn vielleicht, den Förster nicht um Verschweigung seiner Angaben gebeten zu haben? Er ging einige Schritte voran, blieb dann stehen. »Es ist zu spät«, sagte er vor sich hin und griff nach seinem Hute. Ein leises Picken im Gebüsche, nicht zwanzig Schritte von ihm. Es war der Förster, der den Flintenstein schärfte. Friedrich horchte. – »Nein!« sagte er dann mit entschlossenem Tone, raffte seine Siebensachen zusammen und trieb das Vieh eilfertig die Schlucht entlang."
125,844,45227,45510,"Friedrich war krank heimgekommen, er klagte über heftige Kopfschmerzen und hatte auf ihre besorgte Nachfrage erzählt, wie er sich schwer geärgert über den Förster, kurz den ganzen eben beschriebenen Vorgang mit Ausnahme einiger Kleinigkeiten, die er besser fand für sich zu behalten."
126,846,45653,45686,so angegriffen vor wie sonst nie.
127,717,45798,45978,"Mutter!« rief Friedrich aus der Kammer. – »Was willst du?« – »War das ein Schuß?« – »Aber nein, ich weiß nicht, was du meinst.« – »Es pocht mir wohl nur so im Kopfe«, versetzte er."
128,1685,46217,46245,"Ach gar nichts, Lügen, Wind!"
129,1687,46325,46378,die alte Geschichte; und ist doch nichts Wahres dran.
130,1690,47024,47058,"kahl gefegt haben, wie meine Hand?"
131,549,47114,47387,"Die Schandbuben«, fuhr der Schreiber fort, »ruinieren alles; wenn sie noch Rücksicht nähmen auf das junge Holz, aber Eichenstämmchen wie mein Arm dick, wo nicht einmal eine Ruderstange drin steckt! Es ist, als ob ihnen anderer Leute Schaden ebenso lieb wäre wie ihr Profit!"
132,1692,47485,47525,Er schien etwas auf dem Herzen zu haben.
133,610,48061,48405,"Gott im Himmel, geh nicht mit ihm ins Gericht! Er wußte nicht, was er tat!« – »Mit ihm?« rief der Amtsschreiber, »mit dem verfluchten Mörder, meint Ihr?« Aus der Kammer drang ein schweres Stöhnen. Margreth eilte hin, und der Schreiber folgte ihr. Friedrich saß aufrecht im Bette, das Gesicht in die Hände gedrückt und ächzte wie ein Sterbender."
134,1507,48544,48800,"Was fehlt ihm?« – »Ach, Gott weiß es«, versetzte sie; »er ist schon um vier mit den Kühen heimgekommen, weil ihm so übel war.« – »Friedrich, Friedrich, antworte doch! Soll ich zum Doktor?« – »Nein, nein«, ächzte er, »es ist nur Kolik, es wird schon besser."
135,721,48802,48897,Er legte sich zurück; sein Gesicht zuckte krampfhaft vor Schmerz; dann kehrte die Farbe wieder.
136,315,48964,49085,"Frau Mergel«, sagte der Amtsschreiber ernst, »ist es gewiß, daß Friedrich um vier zu Hause kam und nicht wieder fortging?"
137,1694,49162,49187,"wollte Gott, er könnt es!"
138,1136,49236,49722,"In Gottes Namen, ja, daß er ihn im Walde geschimpft und unsere Armut vorgeworfen hat, der Lump! – Doch Gott verzeih mir, er ist tot! – Geht!« fuhr sie heftig fort; »seid ihr gekommen, um ehrliche Leute zu beschimpfen? Geht!« – Sie wandte sich wieder zu ihrem Sohne, der Schreiber ging. – »Friedrich, wie ist dir?« sagte die Mutter. »Hast du wohl gehört? Schrecklich, schrecklich! ohne Beichte und Absolution!« – »Mutter, Mutter, um Gottes willen, laß mich schlafen; ich kann nicht mehr!"
139,850,50519,50550,"Was sein muß, schickt sich wohl"
140,1255,50645,50821,"wenn die Kinder klein sind, treten sie uns in den Schoß, und wenn sie groß sind, ins Herz!«
Die gerichtliche Untersuchung hatte ihren Anfang genommen, die Tat lag klar am Tage;"
141,1700,51142,51180,auf eigene Hand die Sache einzuleiten.
142,1796,52257,52283,daß die Blaukittel am Werk
143,551,53015,53876,"Es sei ihnen unbegreiflich, wie man dieses ins Werk gestellt, da keine Wagenspuren zu finden gewesen. Auch habe die Dürre der Jahreszeit und der mit Fichtennadeln bestreute Boden keine Fußstapfen unterscheiden lassen, obgleich der Grund ringsumher wie festgestampft war. Da man nun überlegt, daß es zu nichts nützen könne, den Oberförster zu erwarten, sei man rasch der andern Seite des Waldes zugeschritten, in der Hoffnung, vielleicht noch einen Blick von den Frevlern zu erhaschen. Hier habe sich einem von ihnen beim Ausgange des Waldes die Flaschenschnur in Brombeerranken verstrickt, und als er umgeschaut, habe er etwas im Gestrüpp blitzen sehen; es war die Gurtschnalle des Oberförsters; den man nun hinter den Ranken liegend fand, grad ausgestreckt, die rechte Hand um den Flintenlauf geklemmt, die andere geballt und die Stirn von einer Axt gespalten."
144,1703,53918,53988,"kamen die Bauern an die Reihe, aus denen jedoch nichts zu bringen war."
145,1705,54082,54116,keiner wollte etwas bemerkt haben.
146,1586,54136,54244,"Sie waren sämtlich angesessene, unverdächtige Leute. Man mußte sich mit ihren negativen Zeugnissen begnügen."
147,1588,54365,54617,"weder gespannt noch keck. Das Verhör währte ziemlich lange, und die Fragen waren mitunter ziemlich schlau gestellt; er beantwortete sie jedoch alle offen und bestimmt und erzählte den Vorgang zwischen ihm und dem Oberförster ziemlich der Wahrheit gemäß"
148,852,54644,54681,"geratener fand, für sich zu behalten."
149,854,54682,54733,Sein Alibi zur Zeit des Mordes war leicht erwiesen.
150,1271,54978,55079,"alle anwesenden Bauern beeiferten sich, es zu bezeugen; mit diesem hatte er geredet, jenem zugenickt."
151,1448,55080,56157,"Der Gerichtsschreiber saß unmutig und verlegen da. Plötzlich fuhr er mit der Hand hinter sich und brachte etwas Blinkendes vor Friedrichs Auge. »Wem gehört dies?« – Friedrich sprang drei Schritt zurück. »Herr Jesus! Ich dachte, Ihr wolltet mir den Schädel einschlagen.« Seine Augen waren rasch über das tödliche Werkzeug gefahren und schienen momentan auf einem ausgebrochenen Splitter am Stiele zu haften. »Ich weiß es nicht«, sagte er fest. – Es war die Axt, die man in dem Schädel des Oberförsters eingeklammert gefunden hatte. – »Sieh sie genau an«, fuhr der Gerichtsschreiber fort. Friedrich faßte sie mit der Hand, besah sie oben, unten, wandte sie um. »Es ist eine Axt wie andere«, sagte er dann und legte sie gleichgültig auf den Tisch. Ein Blutfleck ward sichtbar; er schien zu schaudern, aber er wiederholte noch einmal sehr bestimmt: »Ich kenne sie nicht.« Der Gerichtsschreiber seufzte vor Unmut. Er selbst wußte um nichts mehr und hatte nur einen Versuch zu möglicher Entdeckung durch Überraschung machen wollen. Es blieb nichts übrig, als das Verhör zu schließen."
152,132,56158,56975,"Denjenigen, die vielleicht auf den Ausgang dieser Begebenheit gespannt sind, muß ich sagen, daß diese Geschichte nie aufgeklärt wurde, obwohl noch viel dafür geschah und diesem Verhöre mehrere folgten. Den Blaukitteln schien durch das Aufsehen, das der Vorgang gemacht, und die darauf folgenden geschärften Maßregeln der Mut genommen; sie waren von nun an wie verschwunden, und obgleich späterhin noch mancher Holzfrevler erwischt wurde, fand man doch nie Anlaß, ihn der berüchtigten Bande zuzuschreiben. Die Axt lag zwanzig Jahre nachher als unnützes corpus delicti im Gerichtsarchiv, wo sie wohl noch jetzt ruhen mag mit ihren Rostflecken. Es würde in einer erdichteten Geschichte unrecht sein, die Neugier des Lesers so zu täuschen. Aber dies alles hat sich wirklich zugetragen; ich kann nichts davon oder dazutun."
153,213,57031,57052,zur Beichte zu gehen.
154,1799,57672,57713,Sollte er nachtwandeln?« dachte Friedrich
155,77,57747,60672,"Friedrich, wohin?« flüsterte der Alte. – »Ohm, seid ihrs? Ich will beichten gehen.« – »Das dacht ich mir; geh in Gottes Namen, aber beichte wie ein guter Christ.« – »Das will ich«, sagte Friedrich. – »Denk an die zehn Gebote: du sollst kein Zeugnis ablegen gegen deinen Nächsten.« – »Kein falsches!« – »Nein, gar keines; du bist schlecht unterrichtet; wer einen andern in der Beichte anklagt, der empfängt das Sakrament unwürdig.«
Beide schwiegen. – »Ohm, wie kommt ihr darauf?« sagte Friedrich dann; »Eu'r Gewissen ist nicht rein; ihr habt mich belogen.« – »Ich? So?« – »Wo ist Eure Axt?« – »Meine Axt? Auf der Tenne.« – »Habt Ihr einen neuen Stiel hineingemacht? Wo ist der alte?« – »Den kannst du heute bei Tage im Holzschuppen finden. Geh«, fuhr er verächtlich fort, »ich dachte, du seist ein Mann; aber du bist ein altes Weib, das gleich meint, das Haus brennt, wenn ihr Feuertopf raucht. Sieh«, fuhr er fort, »wenn ich mehr von der Geschichte weiß als der Türpfosten da, so will ich ewig nicht selig werden. Längst war ich zu Haus«, fügte er hinzu. – Friedrich stand beklemmt und zweifelnd. Er hätte viel darum gegeben, seines Ohms Gesicht sehen zu können. Aber während sie flüsterten, hatte der Himmel sich bewölkt.
»Ich habe schwere Schuld«, seufzte Friedrich, »daß ich ihn den unrechten Weg geschickt – obgleich – doch, dies hab ich nicht gedacht; nein, gewiß nicht. Ohm, ich habe Euch ein schweres Gewissen zu danken.« – »So geh, beicht!« flüsterte Simon mit bebender Stimme; »verunehre das Sakrament durch Angeberei und setze armen Leuten einen Spion auf den Hals, der schon Wege finden wird, ihnen das Stückchen Brot aus den Zähnen zu reißen, wenn er gleich nicht reden darf – geh!« – Friedrich stand unschlüssig; er hörte ein leises Geräusch, die Wolken verzogen sich, das Mondlicht fiel wieder auf die Kammertür: sie war geschlossen. Friedrich ging an diesem Morgen nicht zur Beichte.
Der Eindruck, den dieser Vorfall auf Friedrich gemacht, erlosch leider nur zu bald. Wer zweifelt daran, daß Simon alles tat, seinen Adoptivsohn dieselben Wege zu leiten, die er selber ging? Und in Friedrich lagen Eigenschaften, die dies nur zu sehr erleichterten: Leichtsinn, Erregbarkeit, und vor allem ein grenzenloser Hochmut, der nicht immer den Schein verschmähte und dann alles daran setzte, durch Wahrmachung des Usurpierten möglicher Beschämung zu entgehen. Seine Natur war nicht unedel, aber er gewöhnte sich, die innere Schande der äußern vorzuziehen. Man darf nur sagen, er gewöhnte sich zu prunken, während seine Mutter darbte.
Diese unglückliche Wendung seines Charakters war indessen das Werk mehrerer Jahre, in denen man bemerkte, daß Margreth immer stiller über ihren Sohn ward und allmählich in einen Zustand der Verkommenheit versank, den man früher bei ihr für unmöglich gehalten hätte. Sie wurde scheu, saumselig, sogar unordentlich, und manche meinten, ihr Kopf habe gelitten. Friedrich ward desto lauter;"
156,873,60728,60950,"sehr empfindliches Ehrgefühl ihn die geheime Mißbilligung mancher nicht übersehen ließ, war er gleichsam immer unter Waffen, der öffentlichen Meinung nicht sowohl Trotz zu bieten, als sie den Weg zu leiten, der ihm gefiel."
157,638,60951,61397,"Er war äußerlich ordentlich, nüchtern, anscheinend treuherzig, aber listig, prahlerisch und oft roh, ein Mensch, an dem niemand Freude haben konnte, am wenigsten seine Mutter, und der dennoch durch seine gefürchtete Kühnheit und noch mehr gefürchtete Tücke ein gewisses Übergewicht im Dorfe erlangt hatte, das um so mehr anerkannt wurde, je mehr man sich bewußt war, ihn nicht zu kennen und nicht berechnen zu können, wessen er am Ende fähig sei."
158,890,61915,62033,"mehr Betrunkene, hörte von mehr Schlägereien und dummen Streichen als je. Überall gabs Lustbarkeiten; der blaue Montag"
159,1399,62034,62172,"kam in Aufnahme, und wer ein paar Taler erübrigt hatte, wollte gleich eine Frau dazu, die ihm heute essen und morgen hungern helfen könne."
160,1278,62474,62509,Da viele Auswärtige erwartet wurden
161,217,62562,62968,"Es war sieben Uhr abends und alles in vollem Gange; Jubel und Gelächter an allen Enden, die niederen Stuben zum Ersticken angefüllt mit blauen, roten und gelben Gestalten, gleich Pfandställen, in denen eine zu große Herde eingepfercht ist. Auf der Tenne ward getanzt, das heißt: wer zwei Fuß Raum erobert hatte, drehte sich darauf immer rundum und suchte durch Jauchzen zu ersetzen, was an Bewegung fehlte."
162,894,63249,63367,"Friedrich stolzierte umher wie ein Hahn, im neuen himmelblauen Rock, und machte sein Recht als erster Elegant geltend."
163,896,63406,63505,saß er gerade hinter der Baßgeige und strich die tiefste Saite mit großer Kraft und vielem Anstand.
164,488,63507,63675,"Johannes!« rief er gebieterisch, und heran trat sein Schützling von dem Tanzplatze, wo er auch seine ungelenken Beine zu schlenkern und eins zu jauchzen versucht hatte."
165,374,63713,63769,durch eine stolze Kopfbewegung seinen Willen zu erkennen
166,219,63847,64309,"Der beliebte Tanz ward gespielt, und Friedrich machte Sätze vor den Augen seiner Herrschaft, daß die Kühe an der Tenne die Hörner zurückzogen und Kettengeklirr und Gebrumm an ihren Ständern herlief. Fußhoch über die anderen tauchte sein blonder Kopf auf und nieder, wie ein Hecht, der sich im Wasser überschlägt; an allen Enden schrien Mädchen auf, denen er zum Zeichen der Huldigung mit einer raschen Kopfbewegung sein langes Flachshaar ins Gesicht schleuderte."
167,1438,64394,64746,"die gnädigen Herrschaften sollen leben und alle die hochadeligen Prinzen und Prinzessinnen, und wers nicht mittrinkt, den will ich an die Ohren schlagen, daß er die Engel singen hört!« – Ein lautes Vivat beantwortete den galanten Toast. – Friedrich machte seinen Bückling. – »Nichts für ungut, gnädige Herrschaften; wir sind nur ungelehrte Bauersleute!"
168,901,65154,65446,"Das sollt Ihr früh genug gewahr werden«, keuchte ein altes Weib mit der Küchenschürze und einem Wischhader in der Hand. – Schande! Johannes, der arme Teufel, dem zu Hause das Schlechteste gut genug sein mußte, hatte versucht, sich ein halbes Pfündchen Butter für die kommende Dürre zu sichern"
169,276,65817,66009,Aber Friedrich trat vor: »Lumpenhund!« rief er; ein paar derbe Maulschellen trafen den geduldigen Schützling; dann stieß er ihn an die Tür und gab ihm einen tüchtigen Fußtritt mit auf den Weg.
170,278,66010,66248,"Er kehrte niedergeschlagen zurück; seine Würde war verletzt, das allgemeine Gelächter schnitt ihm durch die Seele; ob er sich gleich durch einen tapfern Juchheschrei wieder in den Gang zu bringen suchte – es wollte nicht mehr recht gehen."
171,280,66249,66436,"Er war im Begriff, sich wieder hinter die Baßviole zu flüchten; doch zuvor noch ein Knalleffekt: er zog seine silberne Taschenuhr hervor, zu jener Zeit ein seltener und kostbarer Schmuck."
172,907,66516,67145,"Eine prächtige Uhr!« sagte der Schweinehirt und schob sein Gesicht in ehrfurchtsvoller Neugier vor. – »Was hat sie gekostet?« rief Wilm Hülsmeyer, Friedrichs Nebenbuhler. – »Willst du sie bezahlen?« fragte Friedrich. – »Hast du sie bezahlt?« antwortete Wilm. Friedrich warf einen stolzen Blick auf ihn und griff in schweigender Majestät zum Fiedelbogen. – »Nun, nun«, sagte Hülsmeyer, »dergleichen hat man schon erlebt. Du weißt wohl, der Franz Ebel hatte auch eine schöne Uhr, bis der Jude Aaron sie ihm wieder abnahm.« – Friedrich antwortete nicht, sondern winkte stolz der ersten Violine, und sie begannen aus Leibeskräften zu"
173,1178,67157,67318,"Die Gutsherrschaft war indessen in die Kammer getreten, wo der Braut von den Nachbarfrauen das Zeichen ihres neuen Standes, die weiße Stirnbinde, umgelegt wurde."
174,282,67319,67661,"Das junge Blut weinte sehr, teils weil es die Sitte so wollte teils aus wahrer Beklemmung. Sie sollte einem verworrenen Haushalt vorstehen, unter den Augen eines mürrischen alten Mannes, den sie noch obendrein lieben sollte. Er stand neben ihr, durchaus nicht wie der Bräutigam des hohen Liedes, der »in die Kammer tritt wie die Morgensonne«."
175,912,67693,67794,"sagte er verdrießlich; »bedenk, du bist es nicht, die mich glücklich macht, ich mache dich glücklich!"
176,79,67868,68906,"Das Geschäft war beendigt; die junge Frau hatte ihrem Manne zugetrunken, junge Spaßvögel hatten durch den Dreifuß geschaut, ob die Binde gerade sitze; und man drängte sich wieder der Tenne zu, von wo unauslöschliches Gelächter und Lärm herüberschallte. Friedrich war nicht mehr dort. Eine große, unerträgliche Schmach hatte ihn getroffen, da der Jude Aaron, ein Schlächter und gelegentlicher Althändler aus dem nächsten Städtchen, plötzlich erschienen war und nach einem kurzen, unbefriedigenden Zwiegespräch ihn laut vor allen Leuten um den Betrag von zehn Talern für eine schon um Ostern gelieferte Uhr gemahnt hatte. Friedrich war wie vernichtet fortgegangen und der Jude ihm gefolgt, immer schreiend: »O weh mir! Warum hab ich nicht gehört auf vernünftige Leute! Haben sie mir nicht hundertmal gesagt, Ihr hättet all Eu'r Gut am Leibe und kein Brot im Schranke!« – Die Tenne tobte von Gelächter; manche hatten sich auf den Hof nachgedrängt. – »Packt den Juden! Wiegt ihn gegen ein Schwein!« riefen einige; andere waren ernst geworden."
177,726,68910,69042,"Der Friedrich sah so blaß aus wie ein Tuch«, sagte eine alte Frau, und die Menge teilte sich, wie der Wagen des Gutsherrn in den Hof"
178,914,69051,69390,"Herr von S. war auf dem Heimwege verstimmt, die jedesmalige Folge, wenn der Wunsch, seine Popularität aufrecht zu erhalten, ihn bewog, solchen Festen beizuwohnen. Er sah schweigend aus dem Wagen. »Was sind denn das für ein paar Figuren?« – Er deutete auf zwei dunkle Gestalten, die vor dem Wagen rannten wie Strauße. Nun schlüpften sie ins"
179,225,69402,69457,Auch ein paar selige Schweine aus unserm eigenen Stall!
180,640,69467,69478,Herr von S.
181,1724,69660,69728,"Sie behaupteten, von des alten Mergels Geist verfolgt worden zu sein"
182,379,69769,70137,"Zuerst hatte es über ihnen an der Höhe gerauscht und geknistert; darauf hoch in der Luft ein Geklapper wie von aneinander geschlagenen Stöcken; plötzlich ein gellender Schrei und ganz deutlich die Worte: »O weh, meine arme Seele!« hoch von oben herab. Der eine wollte auch glühende Augen durch die Zweige funkeln gesehen haben, und beide waren gelaufen, was ihre Beine"
183,381,70257,70613,"wollte die Fontäne im Garten nicht springen, und es fand sich, daß jemand eine Röhre verrückt hatte, augenscheinlich um nach dem Kopfe eines vor vielen Jahren hier verscharrten Pferdegerippes zu suchen, der für ein bewährtes Mittel wider allen Hexen- und Geisterspuk gilt. »Hm«, sagte der Gutsherr, »was die Schelme nicht stehlen, das verderben die Narren."
184,916,70957,70968,Herr von S.
185,728,71209,71426,"Im Anfang war das Wort, und das Wort war bei Gott, und Gott war das Wort.« – Ein furchtbarer Donnerschlag. Alle fuhren zusammen; dann furchtbares Geschrei und Getümmel die Treppe heran. – »Um Gottes willen! Brennt es?"
186,923,71433,71444,Frau von S.
187,520,71454,71485,mit dem Gesichte auf den Stuhl.
188,83,71495,71770,"ward aufgerissen, und herein stürzte die Frau des Juden Aaron, bleich wie der Tod, das Haar wild um den Kopf, von Regen triefend. Sie warf sich vor dem Gutsherrn auf die Knie. »Gerechtigkeit!« rief sie, »Gerechtigkeit! Mein Mann ist erschlagen!« und sank ohnmächtig zusammen."
189,286,71791,72078,"und die nachfolgende Untersuchung bewies, daß der Jude Aaron durch einen Schlag an die Schläfe mit einem stumpfen Instrumente, wahrscheinlich einem Stabe, sein Leben verloren hatte, durch einen einzigen Schlag. An der linken Schläfe war der blaue Fleck, sonst keine Verletzung zu finden."
190,925,72079,72400,"Die Aussagen der Jüdin und ihres Knechtes Samuel lauteten so: Aaron war vor drei Tagen am Nachmittag ausgegangen, um Vieh zu kaufen, und hatte dabei gesagt, er werde wohl über Nacht ausbleiben, da noch einige böse Schuldner in B. und S. zu mahnen seien. In diesem Falle werde er in B. beim Schlächter Salomon übernachten."
191,1727,72760,72797,einen Handel mit ihnen im Auge hatte.
192,927,73302,73650,"die Frau beim Leuchten des Blitzes etwas Weißes neben sich im Moose. Es ist der Stab ihres Mannes, und fast im selben Augenblicke bricht der Hund durchs Gebüsch und trägt etwas im Maule: es ist der Schuh ihres Mannes. Nicht lange, so ist in einem mit dürrem Laube gefüllten Graben der Leichnam des Juden gefunden. – Dies war die Angabe des Knechtes"
193,288,73697,73803,"ihre übergroße Spannung hatte nachgelassen, und sie schien jetzt halb verwirrt oder vielmehr stumpfsinnig."
194,87,73807,74353,"Aug um Auge, Zahn um Zahn!« dies waren die einzigen Worte, die sie zuweilen hervorstieß.
In derselben Nacht noch wurden die Schützen aufgeboten, um Friedrich zu verhaften. Der Anklage bedurfte es nicht, da Herr von S. selbst Zeuge eines Auftritts gewesen war, der den dringendsten Verdacht auf ihn werfen mußte; zudem die Gespenstergeschichte von jenem Abende, das Aneinanderschlagen der Stäbe im Brederholz, der Schrei aus der Höhe. Da der Amtsschreiber gerade abwesend war, so betrieb Herr von S. selbst alles rascher, als sonst geschehen wäre."
195,1407,74968,75009,"Er war nicht da, aber das Bett noch warm."
196,1409,75303,75354,der Anblick der alten Frau wirkte gewaltig auf ihn.
197,1533,75640,75680,zwei Leichenhemden mit schwarzen Bändern
198,1037,75775,75885,Ganz zu unterst auf dem Boden des Koffers lag die silberne Uhr und einige Schriften von sehr leserlicher Hand;
199,1455,75960,75995,der Verbindung mit den Holzfrevlern
200,385,76854,77085,"Schöne Polizei!« murmelte der Gutsherr, »jede alte Schachtel im Dorf weiß Bescheid, wenn es recht geheim zugehen soll.« Dann fuhr er heftig fort: »Das müßte wahrhaftig ein dummer Teufel von Delinquenten sein, der sich packen ließe!"
201,439,77116,78220,"Mein Fuhrmann hatte sich in der Nacht verirrt«, hob der Amtsschreiber wieder an; »über eine Stunde lang hielten wir im Walde; es war ein Mordwetter; ich dachte, der Wind werde den Wagen umreißen. Endlich, als der Regen nachließ, fuhren wir in Gottes Namen darauf los, immer in das Zellerfeld hinein, ohne eine Hand vor den Augen zu sehen. Da sagte der Kutscher: ›Wenn wir nur nicht den Steinbrüchen zu nahe kommen!‹ Mir war selbst bange; ich ließ halten und schlug Feuer, um wenigstens etwas Unterhaltung an meiner Pfeife zu haben. Mit einemmale hörten wir ganz nah, perpendikulär unter uns die Glocke schlagen. Euer Gnaden mögen glauben, daß mir fatal zumute wurde. Ich sprang aus dem Wagen, denn seinen eigenen Beinen kann man trauen, aber denen der Pferde nicht. So stand ich, in Kot und Regen, ohne mich zu rühren, bis es gottlob sehr bald anfing zu dämmern. Und wo hielten wir? Dicht an der Heerser Tiefe und den Turm von Heerse gerade unter uns. Wären wir noch zwanzig Schritt weiter gefahren, wir wären alle Kinder des Todes gewesen.« – »Das war in der Tat kein Spaß«, versetzte der Gutsherr, halb"
202,1039,78301,78359,"Mahnbriefe um geliehene Gelder, die meisten von Wucherern."
203,1736,78419,78485,"so tief drin steckten.« – »Ja, und daß es so an den Tag kommen muß"
204,1411,78514,78550,kein kleiner Ärger für Frau Margreth
205,1538,78684,78726,die gerichtliche Leichenschau vorzunehmen.
206,387,78729,79028,"Die Untersuchung war kurz, gewaltsamer Tod erwiesen, der vermutliche Täter entflohen, die Anzeichen gegen ihn zwar gravierend, doch ohne persönliches Geständnis nicht beweisend, seine Flucht allerdings sehr verdächtig. So mußte die gerichtliche Verhandlung ohne genügenden Erfolg geschlossen werden."
207,89,79029,81330,"Die Juden der Umgegend hatten großen Anteil gezeigt. Das Haus der Witwe ward nie leer von Jammernden und Ratenden. Seit Menschengedenken waren nicht so viel Juden beisammen in L. gesehen worden. Durch den Mord ihres Glaubensgenossen aufs äußerste erbittert, hatten sie weder Mühe noch Geld gespart, dem Täter auf die Spur zu kommen. Man weiß sogar, daß einer derselben, gemeinhin der Wucherjoel genannt, einem seiner Kunden, der ihm mehrere Hunderte schuldete und den er für einen besonders listigen Kerl hielt, Erlaß der ganzen Summe angeboten hatte, falls er ihm zur Verhaftung des Mergel verhelfen wolle; denn der Glaube war allgemein unter den Juden, daß der Täter nur mit guter Beihülfe entwischt und wahrscheinlich noch in der Umgegend sei. Als dennoch alles nichts half und die gerichtliche Verhandlung für beendet erklärt worden war, erschien am nächsten Morgen eine Anzahl der angesehensten Israeliten im Schlosse, um dem gnädigen Herrn einen Handel anzutragen. Der Gegenstand war die Buche, unter der Aarons Stab gefunden und wo der Mord wahrscheinlich verübt worden war. – »Wollt ihr sie fällen? So mitten im vollen Laube?« fragte der Gutsherr. – »Nein, Ihro Gnaden, sie muß stehenbleiben im Winter und Sommer, solange ein Span daran ist.« – »Aber, wenn ich nun den Wald hauen lasse, so schadet es dem jungen Aufschlag.« – »Wollen wir sie doch nicht um gewöhnlichen Preis.« Sie boten zweihundert Taler. Der Handel ward geschlossen und allen Förstern streng eingeschärft, die Judenbuche auf keine Weise zu schädigen. – Darauf sah man an einem Abende wohl gegen sechzig Juden, ihren Rabbiner an der Spitze, in das Brederholz ziehen, alle schweigend und mit gesenkten Augen. – Sie blieben über eine Stunde im Walde und kehrten dann ebenso ernst und feierlich zurück, durch das Dorf B. bis in das Zellerfeld, wo sie sich zerstreuten und jeder seines Weges ging. – Am nächsten Morgen stand an der Buche mit dem Beil eingehauen:
אם תעמוד במקום תות יפגע בך כאשר אתת עשית לי
Und wo war Friedrich? Ohne Zweifel fort, weit genug, um die kurzen Arme einer so schwachen Polizei nicht mehr fürchten zu dürfen. Er war bald verschollen, vergessen. Ohm Simon redete selten von ihm, und dann schlecht; die Judenfrau tröstete sich am Ende und nahm einen anderen Mann. Nur die arme Margreth blieb ungetröstet."
208,1281,81331,81359,Etwa ein halbes Jahr nachher
209,1049,81360,82432,"las der Gutsherr einige eben erhaltene Briefe in Gegenwart des Amtsschreibers. – »Sonderbar, sonderbar!« sagte er. »Denken Sie sich, Kapp, der Mergel ist vielleicht unschuldig an dem Morde. Soeben schreibt mir der Präsident des Gerichtes zu P.: ›Le vrai n'est pas toujours vraisemblable‹; das erfahre ich oft in meinem Berufe und jetzt neuerdings. Wissen Sie wohl, daß ihr lieber Getreuer, Friedrich Mergel, den Juden mag ebensowenig erschlagen haben als ich oder Sie? Leider fehlen die Beweise, aber die Wahrscheinlichkeit ist groß. Ein Mitglied der Schlemmingschen Bande (die wir jetzt, nebenbei gesagt, größtenteils unter Schloß und Riegel haben), Lumpenmoises genannt, hat im letzten Verhöre ausgesagt, daß ihn nichts so sehr gereue als der Mord eines Glaubensgenossen, Aaron, den er im Walde erschlagen und doch nur sechs Groschen bei ihm gefunden habe. Leider ward das Verhör durch die Mittagsstunde unterbrochen, und während wir tafelten, hat sich der Hund von einem Juden an seinem Strumpfband erhängt. Was sagen Sie dazu? Aaron ist zwar ein verbreiteter Name usw."
210,292,82437,82789,"Was sagen Sie dazu?« wiederholte der Gutsherr: »und weshalb wäre der Esel von einem Burschen denn gelaufen?« – Der Amtsschreiber dachte nach. – »Nun, vielleicht der Holzfrevel wegen, mit denen wir ja gerade in Untersuchung waren. Heißt es nicht: der Böse läuft vor seinem eigenen Schatten? Mergels Gewissen war schmutzig genug auch ohne diesen Flecken."
211,946,82831,82930,"hin, verschwunden und – Johannes Niemand, der arme, unbeachtete Johannes, am gleichen Tage mit ihm."
212,1210,82935,82972,Eine schöne lange Zeit war verflossen
213,948,82989,83341,"Jahre, fast die Hälfte eines Menschenlebens; der Gutsherr war sehr alt und grau geworden, sein gutmütiger Gehülfe Kapp längst begraben. Menschen, Tiere und Pflanzen waren entstanden, gereift, vergangen, nur Schloß B. sah immer gleich grau und vornehm auf die Hütten herab, die wie alte hektische Leute immer fallen zu wollen schienen und immer standen."
214,1440,83342,83387,"Es war am Vorabende des Weihnachtsfestes, den"
215,952,83848,84038,Da bewegte sich von der Breder Höhe herab eine Gestalt langsam gegen das Dorf; der Wanderer schien sehr matt oder krank; er stöhnte schwer und schleppte sich äußerst mühsam durch den Schnee.
216,954,84039,85229,"An der Mitte des Hanges stand er still, lehnte sich auf seinen Krückenstab und starrte unverwandt auf die Lichtpunkte. Es war so still überall, so tot und kalt; man mußte an Irrlichter auf Kirchhöfen denken. Nun schlug es zwölf im Turm; der letzte Schlag verdröhnte langsam, und im nächsten Hause erhob sich ein leiser Gesang, der, von Hause zu Hause schwellend, sich über das ganze Dorf zog:
Ein Kindelein so löbelich
Ist uns geboren heute,
Von einer Jungfrau säuberlich,
Des freun sich alle Leute;
Und wär das Kindelein nicht geborn,
So wären wir alle zusammen verlorn:
Das Heil ist unser aller.
O du mein liebster Jesu Christ,
Der du als Mensch geboren bist,
Erlös uns von der Hölle!
Der Mann am Hange war in die Knie gesunken und versuchte mit zitternder Stimme einzufallen: es ward nur ein lautes Schluchzen daraus, und schwere, heiße Tropfen fielen in den Schnee. Die zweite Strophe begann; er betete leise mit; dann die dritte und vierte. Das Lied war geendigt, und die Lichter in den Häusern begannen sich zu bewegen. Da richtete der Mann sich mühselig auf und schlich langsam hinab in das Dorf. An mehreren Häusern keuchte er vorüber, dann stand er vor einem still und pochte leise"
217,229,85235,85456,"Was ist denn das?« sagte drinnen eine Frauenstimme; »die Türe klappert, und der Wind geht doch nicht.« – Er pochte stärker: »Um Gotteswillen, laßt einen halberfrorenen Menschen ein, der aus der türkischen Sklaverei kommt!"
218,1747,85763,85805,Ihr werdet uns den Hals nicht abschneiden.
219,962,86156,86200,den verzogenen Ausdruck langen Leidens trug.
220,144,86476,86616,"Der Heimgekehrte ward als Johannes Niemand erkannt, und er selbst bestätigte, daß er derselbe sei, der einst mit Friedrich Mergel entflohen."
221,1264,86875,86962,"die Alten fanden seine Züge noch ganz wohl heraus, so erbärmlich entstellt er auch war."
222,103,87379,87789,"Man fragte ihn, warum Friedrich sich denn aus dem Staube gemacht, da er den Juden doch nicht erschlagen? – »Nicht?« sagte Johannes und horchte gespannt auf, als man ihm erzählte, was der Gutsherr geflissentlich verbreitet hatte, um den Fleck von Mergels Namen zu löschen. – »Also ganz umsonst«, sagte er nachdenkend, »ganz umsonst so viel ausgestanden!« Er seufzte tief und fragte nun seinerseits nach manchem."
223,1750,87941,87978,zwischen ihnen keine reine Sache war.
224,403,88016,88074,und war in einem fremden Schuppen auf dem Stroh gestorben.
225,644,88110,88430,"in völliger Geistesstumpfheit. Die Leute im Dorf waren es bald müde geworden, ihr beizustehen, da sie alles verkommen ließ, was man ihr gab, wie es denn die Art der Menschen ist, gerade die Hülflosesten zu verlassen, solche, bei denen der Beistand nicht nachhaltig wirkt und die der Hülfe immer gleich bedürftig bleiben."
226,646,88480,88667,"die Gutsherrschaft sorgte sehr für sie, schickte ihr täglich das Essen und ließ ihr auch ärztliche Behandlung zukommen, als ihr kümmerlicher Zustand in völlige Abzehrung übergegangen war."
227,973,88966,89091,"er betete bei keinem Grabe, ging auch an keines dicht hinan, aber auf einige schien er aus der Ferne starre Blicke zu heften."
228,105,89100,89137,"ihn der Förster Brandis, der Sohn des"
229,1559,89219,89254,Beim Eintritt in das Wohnzimmer sah
230,1561,89258,89318,"scheu umher, wie vom Licht geblendet, und dann auf den Baron"
231,232,89534,90738,"Nun, Johannes«, sagte der Gutsherr, »erzähl mir einmal recht ordentlich von deinen Abenteuern. Aber«, er musterte ihn durch die Brille, »du bist ja erbärmlich mitgenommen in der Türkei!« – Johannes begann: wie Mergel ihn nachts von der Herde abgerufen und gesagt, er müsse mit ihm fort. – »Aber warum lief der dumme Junge denn? Du weißt doch, daß er unschuldig war?« – Johannes sah vor sich nieder: »Ich weiß nicht recht, mich dünkt, es war wegen Holzgeschichten. Simon hatte so allerlei Geschäfte; mir sagte man nichts davon, aber ich glaube nicht, daß alles war, wie es sein sollte.« – »Was hat denn Friedrich dir gesagt?« – »Nichts, als daß wir laufen müßten, sie wären hinter uns her. So liefen wir bis Heerse; da war es noch dunkel, und wir versteckten uns hinter das große Kreuz am Kirchhofe, bis es etwas heller würde, weil wir uns vor den Steinbrüchen am Zellerfelde fürchteten, und wie wir eine Weile gesessen hatten, hörten wir mit einem Male über uns schnauben und stampfen und sahen lange Feuerstrahlen in der Luft gerade über dem Heerser Kirchturm. Wir sprangen auf und liefen, was wir konnten, in Gottes Namen gerade aus, und wie es dämmerte, waren wir wirklich auf dem rechten Wege nach P."
232,238,90975,91563,"wie sie glücklich durch P. und über die Grenze gekommen. Von da an hatten sie sich als wandernde Handwerksburschen durchgebettelt bis Freiburg im Breisgau. »Ich hatte meinen Brotsack bei mir«, sagte er, »und Friedrich ein Bündelchen; so glaubte man uns.« – In Freiburg hatten sie sich von den Österreichern anwerben lassen; ihn hatte man nicht gewollt, aber Friedrich bestand darauf. So kam er unter den Train. »Den Winter über blieben wir in Freiburg«, fuhr er fort, »und es ging uns ziemlich gut; mir auch, weil Friedrich mich oft erinnerte und mir half, wenn ich etwas verkehrt machte."
233,240,91564,91766,"Im Frühling mußten wir marschieren, nach Ungarn, und im Herbst ging der Krieg mit den Türken los. Ich kann nicht viel davon nachsagen, denn ich wurde gleich in der ersten Affäre gefangen und bin seitdem"
234,242,91767,92097,"sechsundzwanzig Jahre in der türkischen Sklaverei gewesen!« – »Gott im Himmel! Das ist doch schrecklich!« sagte Frau von S. – »Schlimm genug, die Türken halten uns Christen nicht besser als Hunde; das schlimmste war, daß meine Kräfte unter der harten Arbeit vergingen; ich ward auch älter und sollte noch immer tun wie vor Jahren."
235,978,92144,92220,es ging über Menschenkräfte und Menschengeduld; ich hielt es auch nicht aus.
236,247,92394,92446,sah ihn befremdet an und hob den Finger warnend auf;
237,527,92478,92677,"Auf dem Schiffe war es ihm nicht viel besser gegangen. »Der Skorbut riß ein; wer nicht ganz elend war, mußte über Nacht arbeiten, und das Schiffstau regierte ebenso streng wie die türkische Peitsche."
238,983,92938,92980,ich bettelte mich lieber durch bis hieher.
239,448,93050,93190,"O Herr, ich habe mein Leben zwischen Türken und Ketzern zubringen müssen; soll ich nicht wenigstens auf einem katholischen Kirchhofe liegen?"
240,989,93481,93557,"Gedanken sind zuweilen so kurios, ich kann nicht recht sagen, wie es so ist."
241,1563,93718,93762,das innigste Mitleiden mit dem armen Schelm;
242,1755,94161,94192,wenn ich erst im Gange bin – es
243,1757,94245,94270,wird mir auch nicht sauer
244,107,94453,94489,Kämmerchen bei einer Witwe im Dorfe.
245,991,94579,94747,"Im ganzen gings ihm leidlich; die Herrschaft war sehr gütig, und Herr von S. unterhielt sich oft lange mit ihm über die Türkei, den österreichischen Dienst und die See."
246,109,94751,95053,"Der Johannes könnte viel erzählen«, sagte er zu seiner Frau, »wenn er nicht so grundeinfältig wäre.« – »Mehr tiefsinnig als einfältig«, versetzte sie; »ich fürchte immer, er schnappt noch über.« – »Ei bewahre!« antwortete der Baron, »er war sein Leben lang ein Simpel; simple Leute werden nie verrückt."
247,409,95513,95655,"Die Leute sagten mir, der Wald sei gefällt, und jetzt seien so viele Kreuz- und Querwege darin, da fürchtete ich, nicht wieder hinauszukommen."
248,111,95711,95871,"Sahst du wohl«, sagte Frau von S. nachher zu ihrem Manne, »wie wunderlich und quer er aus den Augen sah? Ich sage dir, Ernst, das nimmt noch ein schlimmes Ende."
249,578,95964,96022,mancher Hektische fühlte die Schere an seinem Lebensfaden.
250,147,96054,96267,"Einflusse des nahen Äquinoktiums zu leiden; die ihn in diesen Tagen sahen, sagen, er habe auffallend verstört ausgesehen und unaufhörlich leise mit sich selber geredet, was er auch sonst mitunter tat, aber selten."
251,1565,96588,96722,"Wenn der armselige Krüppel«, setzte er bewegt hinzu, »auch nur in einen trockenen Graben gefallen ist, so kann er nicht wieder heraus."
252,1763,97068,97133,daß einer so liegen muß wie ein Stein und kann sich nicht helfen!
253,113,97366,97525,"Ein Kind hatte ihn gesehen, wie er am Rande des Brederholzes saß und an einem Löffel schnitzelte. »Er schnitt ihn aber ganz entzwei«, sagte das kleine Mädchen."
254,249,97699,97840,"das Gesicht auf den Knien, als ob er schliefe. Das war noch am vorigen Tage. Es schien, er hatte sich immer um das Brederholz herumgetrieben."
255,411,97842,97895,Wenn nur das verdammte Buschwerk nicht so dicht wäre!
256,1266,98520,98612,"guter Rock, den ihm die gnädige Frau aus dem alten Jagdkleide des Herrn hatte machen lassen;"
257,450,98844,98954,"Andenken von Mergel«, murmelte er und trat hinaus, denn ihm ward ganz beengt in dem dumpfen, engen Kämmerchen."
258,1043,100243,100282,einen unerträglichen Geruch verbreiten.
259,251,100561,100667,"die Wimper halb, und die Judenschrift fiel ihm ins Auge, sehr ausgewachsen, aber doch noch ganz kenntlich."
260,452,101462,101514,"Hierher müssen Sie treten, hierher, an diese Stelle!"
261,413,101781,101859,und die Halsbinde.« Eine breite Narbe ward sichtbar; der Gutsherr fuhr zurück.
262,115,101863,102476,"Mein Gott!« sagte er; er beugte sich wieder über die Leiche, betrachtete die Narbe mit großer Aufmerksamkeit und schwieg eine Weile in tiefer Erschütterung. Dann wandte er sich zu den Förstern: »Es ist nicht recht, daß der Unschuldige für den Schuldigen leide; sagt es nur allen Leuten: der da« – er deutete auf den Toten – »war Friedrich Mergel.« – Die Leiche ward auf dem Schindanger verscharrt.
Dies hat sich nach allen Hauptumständen wirklich so begeben im September des Jahres 1789. – Die hebräische Schrift an dem Baume heißt:
»Wenn du dich diesem Orte nahest, so wird es dir ergehen, wie du mir getan hast."
